brand,name
OLYMPIKUS,Olympikus Marez Masculino Adultos
OLYMPIKUS,Olympikus Marez Masculino Adultos
OLYMPIKUS,Olympikus Marez Masculino Adultos
NIKE,Tênis Nike Flex Experience 12 Masculino
NEW BALANCE,Tênis Masculino New Balance Trilha Respirável Confortável
FILA,Tênis Corrida Masculino Speed Tech Foam Triathlon Respirável
,Tenis Masculino Treinos Ortopedico Casual Running Corrida
ADIDAS,Tênis adidas Corrida Caminhada Precisão Impacto Baixo
NIKE,Tênis Nike Revolution 7 Masculino
MIZUNO,Tênis Masculino Mizuno 13s Wave Treino Corrida
GERAL,Tênis Trail Running Adventure Trilha Corrida Masculino
ASICS,Tênis Masculino Asics Revelation Original Academia caminhada
BBS,Tênis Masculino Super Confortável Para Usar O Dia Todo
,Tênis Masculino Xtreme Space Caminhada Barato Promoção
GENÉRICO,Sapatênis Masculino Casual Sapato Social Esporte Tênis Leve
PROSPECT,Tenis Masculino Prospect Taos Fitness Corrida Imperdivel
,Tênis Masculino Academia Treino Caminhada Relógio Brinde
PROSPECT,Tenis Masculino Prospect Taos Fitness Corrida Envio Rapido
MIZUNO,Tênis Mizuno Creation Couro Caminhada Treino Corrida Macio
LORENZZO LOPEZ,Kit 3 Tênis Masculino Para Academia E Corrida 
VIA LIVRE,Tênis Adulto Masculino Para Academia Esporte Atividade Ga050
OLYMPIKUS,Olympikus Treino Venum Sem gênero Adultos
,Tenis 1 Tn Max Molas Plus Air Academia Corrida
PERES,Tenis Ortopedico Unissex Leve Para Caminhada Academia Treino
,Tênis Masculino Olymp Olimp Space Caminhada Barato Promoção
,Tênis Academia Esporte Corrida Treino Crossfit Olimp Confort
PROSPECT,Tenis Masculino Prospect Taos Fitness Corrida Envio Ja
PROSPECT,Tenis Masculino Prospect Taos Fitness Corrida Lancamento
PROSPECT,Tenis Masculino Prospect Taos Fitness Corrida Promoção
NEW BALANCE,Tênis New Balance Hierro V9 Preto/grafite Masculino
NEW BALANCE,Tenis New Balance Fresh Foam X 1080 V14 Masculino M1080e14
FILA,Tênis Masculino Fila Retro Original
ADIDAS,Tênis adidas Esportivo Masculino Sustentável Atemporal
ABZ,Tênis Masculino Treino Academia Caminhada
OLYMPIKUS,Tenis Masculino Olympikus Veloz 3 Confortável - Original
,Sapatênis Tênis Masculino Casual Moderno + Carteira Relógio
OLYMPIKUS,Tênis Olympikus Corre Max Masculino Chumbo
OLYMPIKUS,Tênis Olympikus Sonoro 3 Masculino Verde Militar
,Tenis Masculino + Relógio Dia A Dia Caminhada Treino Urbano
,Tenis Masculino Versátil Caminhada Academia Moderno Estiloso
MIZUNO,Tênis Mizuno Creation Esportivo Leve Confortável Envio Full
OLYMPIKUS,Tênis Olympikus Subverse Masculino Verde Musgo Academia
ADIDAS,Tênis Esportivo adidas Masculino Confortável Leve Respirável
NEW BALANCE,Tênis New Balance Fresh Foam X Kaiha Road Masculino Bege
NEW SPEED,Tênis New Speed Pro 100% Original Corrida Academia Crossfit
,Kit Tênis Masculino Leve Numeração 44 Ao 48 + Lupo Poliamida
NZK,Tênis Air 1 Tn Molas Max Plus Academia Conforto
DIADORA,Tênis Diadora Vulcano 2 Masculino Esportivo Original + N. F
ASICS,Tênis Asics Revelation Leve Esportivo Original Envio Full
OLYMPIKUS,Tênis Olympikus Soma Masculino Esportivo Original Versátil
OLYMPIKUS,Tênis Olympikus Volcan 2 Masculino Promoção Pix
NEW BALANCE,Tênis New Balance Fresh Foam X 1080 V14 Preto Masculino
FITPRO,Tênis Esportivo Academia Caminhada Confortável Leve Macio
NEW BALANCE,Tênis Masculino New Balance 460 V4 Corrida Profissional + Nf
ADIDAS,Tênis Corrida adidas Masculino Estabilidade Performance 
,Tênis Masculino Polo Running Corrida Caminhada Academia
FILA,Tênis Fila Duality 2 Amortecimento Conforto Corrida E Treino
